x,RT,40deg,60deg,65deg,67deg,69deg,72deg,75deg,80deg
0.754422,8.04461,8.04461,4.80483,-9.29654,-11.6877,-11.9517,-12.4535,-11.9517,-14.1264
0.758844,8.06691,8.06691,4.72119,-8.99628,-11.2268,-11.4498,-11.8959,-11.4498,-13.4461
0.763265,8.08922,8.08922,4.63755,-8.69603,-10.7658,-10.948,-11.3383,-10.948,-12.7658
0.776531,8.15613,8.15613,4.38662,-7.79525,-9.3829,-9.44238,-9.66543,-9.44238,-10.7249
0.794218,8.24535,8.24535,4.23792,-6.59422,-7.53903,-7.43494,-7.43494,-7.43494,-8.00372
0.798639,8.26766,8.26766,4.20074,-6.29397,-7.07807,-7.0632,-7.0632,-7.0632,-7.32342
0.803061,8.28996,8.28996,4.16357,-5.99371,-6.6171,-6.69145,-6.69145,-6.69145,-6.94424
0.807483,8.31475,8.31475,4.12639,-5.69345,-6.15613,-6.3197,-6.3197,-6.3197,-6.56506
0.816327,8.36431,8.36431,4.05204,-5.09294,-5.2342,-5.65056,-5.65056,-5.65056,-5.80669
0.820748,8.3891,8.3891,4.08922,-4.78625,-4.77323,-5.31599,-5.31599,-5.31599,-5.42751
0.82517,8.41388,8.41388,4.12639,-4.47955,-4.31227,-4.94424,-4.94424,-4.94424,-5.05576
0.834014,8.46344,8.46344,4.20074,-3.86617,-3.86617,-4.20074,-4.20074,-4.20074,-4.31227
0.842857,8.51301,8.51301,4.27509,-3.36431,-3.42007,-3.69888,-3.69888,-3.69888,-3.81041
0.851701,8.53532,8.53532,4.34944,-2.86245,-2.97398,-3.19703,-3.19703,-3.19703,-3.30855
0.856122,8.54647,8.54647,4.38662,-2.63941,-2.75093,-2.99628,-2.99628,-2.99628,-3.10781
0.860544,8.55762,8.55762,4.40892,-2.41636,-2.52788,-2.79554,-2.79554,-2.79554,-2.90706
0.869388,8.57993,8.57993,4.45353,-1.97026,-2.21561,-2.39405,-2.39405,-2.39405,-2.50558
0.87381,8.59108,8.59108,4.47584,-1.76952,-2.05948,-2.19331,-2.19331,-2.19331,-2.30483
0.882653,8.61338,8.61338,4.52045,-1.36803,-1.74721,-1.83643,-1.83643,-1.83643,-1.90335
0.887075,8.62454,8.62454,4.54275,-1.16729,-1.60382,-1.65799,-1.65799,-1.65799,-1.7026
0.891497,8.62454,8.62454,4.56506,-0.966543,-1.46044,-1.47955,-1.47955,-1.47955,-1.50186
0.895918,8.62454,8.62454,4.58736,-0.868959,-1.31705,-1.30112,-1.30112,-1.30112,-1.30112
0.90034,8.62454,8.62454,4.60967,-0.771375,-1.17366,-1.18959,-1.18959,-1.18959,-1.22146
0.913605,8.62454,8.62454,4.68401,-0.478625,-0.743494,-0.855019,-0.855019,-0.855019,-0.982475
0.926871,8.62454,8.62454,4.75836,-0.185874,-0.483271,-0.520446,-0.520446,-0.520446,-0.743494
0.931293,8.62454,8.62454,4.78315,-0.116171,-0.39653,-0.458488,-0.458488,-0.458488,-0.669145
0.940136,8.60223,8.60223,4.83271,0.0232342,-0.223048,-0.334572,-0.334572,-0.334572,-0.520446
0.953401,8.56877,8.56877,4.83271,0.232342,0.0371747,-0.148699,-0.148699,-0.148699,-0.297398
0.962245,8.54647,8.54647,4.83271,0.371747,0.104089,-0.0247831,-0.0247831,-0.0247831,-0.148699
0.966667,8.53532,8.53532,4.83271,0.405204,0.137546,0.0371747,0.0371747,0.0371747,-0.0743494
0.97551,8.51301,8.51301,4.83271,0.472119,0.204461,0.136307,0.136307,0.136307,0.0148699
0.984354,8.46344,8.46344,4.83271,0.539033,0.271375,0.23544,0.23544,0.23544,0.104089
0.997619,8.3891,8.3891,4.83271,0.639405,0.371747,0.384139,0.384139,0.384139,0.237918
1.00646,8.33953,8.33953,4.83271,0.70632,0.421314,0.483271,0.483271,0.483271,0.327138
1.01088,8.31475,8.31475,4.83271,0.718711,0.446097,0.508055,0.508055,0.508055,0.371747
1.01531,8.28996,8.28996,4.83271,0.731103,0.47088,0.532838,0.532838,0.532838,0.39653
1.02857,8.25651,8.25651,4.83271,0.768278,0.545229,0.607187,0.607187,0.607187,0.47088
1.03741,8.2342,8.2342,4.81041,0.793061,0.594796,0.656753,0.656753,0.656753,0.520446
1.04626,8.2119,8.2119,4.7881,0.817844,0.645488,0.70632,0.70632,0.70632,0.570012
1.05068,8.20074,8.20074,4.77695,0.840149,0.670835,0.728625,0.728625,0.728625,0.594796
1.05952,8.17844,8.17844,4.75465,0.884758,0.721528,0.773234,0.773234,0.773234,0.644362
1.07279,8.11152,8.11152,4.72119,0.951673,0.797567,0.840149,0.840149,0.840149,0.718711
1.09048,8.0223,8.0223,4.67658,1.04089,0.898952,0.929368,0.929368,0.929368,0.817844
1.10374,7.95539,7.95539,4.64312,1.10781,0.974992,0.996283,0.996283,0.996283,0.884758
1.11701,7.91822,7.91822,4.60967,1.17472,1.05103,1.0632,1.0632,1.0632,0.951673
1.13469,7.86865,7.86865,4.60967,1.26394,1.15242,1.15242,1.15242,1.15242,1.04089
1.14354,7.84387,7.84387,4.60967,1.28872,1.21133,1.20198,1.20198,1.20198,1.0855
1.16122,7.79926,7.79926,4.60967,1.33829,1.32917,1.30112,1.30112,1.30112,1.17472
1.17449,7.7658,7.7658,4.64312,1.37546,1.41755,1.37546,1.37546,1.37546,1.24164
1.17891,7.75465,7.75465,4.65428,1.40892,1.44701,1.40892,1.40892,1.40892,1.26394
1.18776,7.73234,7.73234,4.67658,1.47584,1.50593,1.47584,1.47584,1.47584,1.33829
1.20544,7.68773,7.68773,4.72119,1.60967,1.62376,1.60967,1.60967,1.60967,1.48699
1.21871,7.65428,7.65428,4.72119,1.71004,1.71214,1.71004,1.71004,1.71004,1.59851
1.23197,7.62082,7.62082,4.72119,1.78439,1.80052,1.78439,1.78439,1.78439,1.67286
1.24966,7.57621,7.57621,4.72119,1.88352,1.91836,1.88352,1.88352,1.88352,1.772
1.2585,7.5539,7.5539,4.74597,1.93309,1.97727,1.93309,1.93309,1.93309,1.82156
1.27619,7.50929,7.50929,4.79554,2.0223,2.09511,2.0223,2.0223,2.0223,1.91078
1.28946,7.47212,7.47212,4.83271,2.08922,2.18349,2.08922,2.08922,2.08922,1.9777
1.30272,7.43494,7.43494,4.86617,2.15613,2.27187,2.15613,2.15613,2.15613,2.04461
1.31599,7.39777,7.39777,4.89963,2.25651,2.36024,2.25651,2.25651,2.25651,2.14498
1.33367,7.39777,7.39777,4.94424,2.39033,2.47808,2.39033,2.39033,2.39033,2.27881
1.34694,7.39777,7.39777,4.9777,2.49071,2.56646,2.49071,2.49071,2.49071,2.37918
1.3602,7.39777,7.39777,5.01115,2.56506,2.65484,2.56506,2.56506,2.56506,2.45353
1.36905,7.39777,7.39777,5.03346,2.61462,2.71375,2.61462,2.61462,2.61462,2.5031
1.37789,7.39777,7.39777,5.05576,2.66419,2.76638,2.66419,2.66419,2.66419,2.55266
1.38673,7.39777,7.39777,5.07807,2.71375,2.81901,2.71375,2.71375,2.71375,2.60223
1.40442,7.39777,7.39777,5.12268,2.80297,2.92427,2.80297,2.80297,2.80297,2.69145
1.42211,7.39777,7.39777,5.16729,2.89219,3.02953,2.89219,2.89219,2.89219,2.78067
1.43095,7.39777,7.39777,5.21685,2.9368,3.08216,2.9368,2.9368,2.9368,2.82528
1.44864,7.39777,7.39777,5.31599,3.0855,3.18742,3.0855,3.0855,3.0855,2.97398
1.4619,7.39777,7.39777,5.39033,3.19703,3.26636,3.19703,3.19703,3.19703,3.0855
1.47075,7.39777,7.39777,5.41264,3.27138,3.31899,3.27138,3.27138,3.27138,3.15985
1.49286,7.39777,7.39777,5.4684,3.43866,3.45057,3.43866,3.43866,3.43866,3.32714
1.50612,7.39777,7.39777,5.50186,3.53903,3.52951,3.53903,3.53903,3.53903,3.42751
1.51497,7.39777,7.39777,5.52416,3.60595,3.58214,3.60595,3.60595,3.60595,3.49442
1.53707,7.39777,7.39777,5.57993,3.72986,3.71371,3.72986,3.72986,3.72986,3.61834
1.55034,7.39777,7.39777,5.61338,3.80421,3.79266,3.80421,3.80421,3.80421,3.69269
1.55476,7.39777,7.39777,5.62454,3.829,3.81897,3.829,3.829,3.829,3.71747
1.58129,7.39777,7.39777,5.69145,3.96283,3.97686,3.96283,3.96283,3.96283,3.8513
1.59456,7.39777,7.39777,5.72491,4.02974,4.0558,4.02974,4.02974,4.02974,3.91822
1.59898,7.39777,7.39777,5.74969,4.05204,4.08212,4.05204,4.05204,4.05204,3.94052
1.62551,7.39777,7.39777,5.89839,4.18587,4.24001,4.18587,4.18587,4.18587,4.14126
1.63435,7.42007,7.42007,5.94796,4.23048,4.29264,4.23048,4.23048,4.23048,4.20818
1.6432,7.44238,7.44238,5.97026,4.27509,4.34527,4.27509,4.27509,4.27509,4.27509
1.66973,7.50929,7.50929,6.03717,4.49814,4.50315,4.49814,4.49814,4.49814,4.42379
1.67857,7.50929,7.50929,6.05948,4.57249,4.55578,4.57249,4.57249,4.57249,4.47336
1.68299,7.50929,7.50929,6.07063,4.60967,4.5821,4.60967,4.60967,4.60967,4.49814
1.71395,7.50929,7.50929,6.1487,4.78315,4.7663,4.78315,4.78315,4.78315,4.65428
1.72279,7.50929,7.50929,6.171,4.83271,4.81893,4.83271,4.83271,4.83271,4.69888
1.72721,7.50929,7.50929,6.1834,4.85502,4.84524,4.85502,4.85502,4.85502,4.72119
1.75816,7.50929,7.50929,6.27014,5.01115,5.02945,5.01115,5.01115,5.01115,4.89467
1.76259,7.52045,7.52045,6.28253,5.03346,5.05576,5.03346,5.03346,5.03346,4.91945
1.76701,7.5316,7.5316,6.30483,5.05576,5.08312,5.05576,5.05576,5.05576,4.94424
1.80238,7.62082,7.62082,6.48327,5.25403,5.30196,5.25403,5.25403,5.25403,5.1425
1.8068,7.62082,7.62082,6.50558,5.27881,5.32931,5.27881,5.27881,5.27881,5.16729
1.8466,7.62082,7.62082,6.60595,5.47955,5.57551,5.47955,5.47955,5.47955,5.36803
1.85102,7.63197,7.63197,6.6171,5.50186,5.60286,5.50186,5.50186,5.50186,5.39033
1.89082,7.73234,7.73234,6.84015,5.72491,5.84906,5.72491,5.72491,5.72491,5.61338
1.93503,7.73234,7.73234,6.95167,6.05948,6.12261,6.05948,6.05948,6.05948,5.94796
1.97925,7.80396,7.77881,7.13755,6.39405,6.39616,6.28253,6.39405,6.28253,6.171
2.14728,8.07612,7.95539,7.84387,7.56313,7.43565,7.48327,7.50651,7.46914,7.41315
2.17381,8.1191,7.99257,7.95539,7.74772,7.59978,7.67286,7.68216,7.65651,7.60928
2.20034,8.16207,8.02974,8.08199,7.93232,7.76391,7.86245,7.85781,7.84387,7.80541
2.23129,8.2122,8.07311,8.22968,8.14767,7.95539,8.08364,8.06273,8.07596,8.03423
2.23571,8.21936,8.07931,8.25078,8.17844,7.98953,8.11524,8.09201,8.10911,8.06691
2.24456,8.23369,8.0917,8.29298,8.25279,8.05781,8.17844,8.15056,8.17542,8.14564
2.33299,8.37693,8.21561,8.71496,8.99628,8.74061,8.85434,8.73606,8.83854,8.93287
2.33741,8.38409,8.22181,8.73606,9.03346,8.77475,8.88814,8.77715,8.8717,8.97223
2.36395,8.42707,8.25898,8.90663,9.25651,8.97959,9.09091,9.02367,9.07063,9.2084
2.38605,8.46288,8.28996,9.04876,9.44238,9.15029,9.25989,9.22911,9.28419,9.4052
2.39048,8.47004,8.29845,9.07719,9.47955,9.18443,9.29368,9.2702,9.3269,9.44457
2.41701,8.51301,8.34936,9.24776,9.7026,9.38927,9.53532,9.51673,9.58317,9.68073
2.44796,8.59108,8.40876,9.44675,9.96283,9.62825,9.81722,9.80434,9.88215,9.95627
2.46122,8.62454,8.43422,9.53204,10.0743,9.76567,9.93804,9.92761,10.0103,10.0743
2.50102,8.62454,8.51059,9.78789,10.4089,10.1779,10.3005,10.2974,10.3947,10.5364
2.50544,8.62454,8.51907,9.81631,10.4461,10.2237,10.3408,10.3459,10.4374,10.5877
2.54966,8.73606,8.60393,10.1006,10.8178,10.6818,10.7435,10.8308,10.8645,11.1011
2.56293,8.77323,8.62938,10.1859,10.9294,10.8192,10.8749,10.9762,10.9926,11.2551
2.57177,8.79802,8.64636,10.2082,11.0037,10.9108,10.9626,11.0732,11.0781,11.3578
2.58946,8.84758,8.6803,10.2528,11.1524,11.094,11.1378,11.2672,11.282,11.5631
2.59388,8.85874,8.68878,10.2639,11.1896,11.1398,11.1816,11.3157,11.333,11.6144
2.60272,8.88104,8.70575,10.2862,11.2619,11.2314,11.2693,11.4126,11.4349,11.7171
2.60714,8.89219,8.71424,10.2974,11.2981,11.2772,11.3131,11.4628,11.4859,11.7685
2.63367,8.95911,8.76515,10.5204,11.5151,11.552,11.5759,11.7639,11.7918,12.0765
2.64694,8.99257,8.79061,10.632,11.6236,11.6895,11.7074,11.9145,11.9448,12.2305
2.67347,9.05948,8.84152,10.8327,11.8407,11.9643,11.9703,12.2156,12.2507,12.5385
2.67789,9.07063,8.85001,10.8662,11.8768,12.0101,12.0139,12.2658,12.3016,12.5898
2.69116,9.10409,8.87546,10.9665,11.9853,12.1475,12.1448,12.4164,12.4546,12.7438
2.69558,9.11524,8.88395,11.0037,12.0215,12.1933,12.1885,12.4651,12.5056,12.7952
2.72211,9.18216,8.93486,11.2268,12.2385,12.4764,12.4503,12.7579,12.8115,13.1032
2.72653,9.19455,8.94335,11.2639,12.2747,12.5236,12.4939,12.8067,12.8625,13.1545
2.73095,9.20694,8.95183,11.3011,12.3109,12.5708,12.5376,12.8555,12.9182,13.2059
2.7398,9.23172,8.96881,11.368,12.3832,12.6651,12.6249,12.9531,13.0297,13.3086
2.75748,9.28129,9.00275,11.5019,12.5279,12.8539,12.7994,13.1482,13.2528,13.5458
2.7619,9.29368,9.01123,11.5353,12.5457,12.9011,12.8431,13.197,13.3086,13.6052
2.77517,9.29368,9.03669,11.6357,12.5993,13.0426,12.974,13.3742,13.4758,13.7831
2.78844,9.29368,9.06215,11.7472,12.6528,13.1842,13.1035,13.5513,13.6431,13.9611
2.79286,9.29368,9.07063,11.7844,12.6706,13.2313,13.1467,13.6103,13.7018,14.0204
2.80612,9.29368,9.10648,11.8959,12.7242,13.3729,13.2762,13.7874,13.8779,14.1984
2.81054,9.30483,9.11843,11.9331,12.742,13.4201,13.3193,13.8465,13.9366,14.2577
2.81497,9.31599,9.13038,11.9703,12.7599,13.4535,13.3625,13.9055,13.9953,14.317
2.83707,9.37175,9.19012,12.1671,12.8491,13.6208,13.5784,14.2007,14.2888,14.6136
2.85034,9.4052,9.22597,12.2852,12.9026,13.7212,13.7079,14.3569,14.4649,14.7916
2.85476,9.41636,9.23792,12.3245,12.9204,13.7546,13.751,14.4089,14.5236,14.8509
2.86803,9.44981,9.27377,12.4426,12.974,13.8155,13.8806,14.5651,14.6997,15.0289
2.87245,9.46097,9.28571,12.482,12.9826,13.8358,13.9237,14.6171,14.7584,15.0882
2.89456,9.51673,9.34546,12.6788,13.0255,13.9371,14.1396,14.8773,15.0093,15.3848
2.9034,9.53903,9.36936,12.7575,13.0426,13.9777,14.2259,14.9814,15.1097,15.5034
2.91224,9.56134,9.39326,12.8362,13.0598,14.0056,14.3123,15.077,15.21,15.6221
2.92551,9.5948,9.4291,12.9543,13.0855,14.0474,14.4035,15.2204,15.3606,15.8
2.93878,9.62825,9.46495,13.0724,13.0855,14.0892,14.4948,15.3638,15.5112,15.978
2.94762,9.65304,9.48885,13.1511,13.0855,14.0669,14.5556,15.4594,15.6115,16.0967
2.96088,9.69021,9.52469,13.2692,13.0855,14.0335,14.6468,15.6028,15.7621,16.2466
2.96531,9.7026,9.53664,13.3086,13.0716,14.0223,14.658,15.6506,15.8109,16.2966
2.97857,9.73978,9.57249,13.436,13.0297,13.9888,14.6914,15.7342,15.9572,16.4466
2.98299,9.76208,9.58444,13.4785,13.0158,13.9777,14.7026,15.7621,16.006,16.4966
2.99626,9.829,9.62029,13.6059,12.974,13.9359,14.7361,15.8457,16.1524,16.6466
3.0051,9.87361,9.64418,13.6909,12.9071,13.908,14.7584,15.9015,16.25,16.7466
3.01837,9.94052,9.68003,13.8184,12.8067,13.8662,14.7584,15.9851,16.3964,16.8966
3.02279,9.96283,9.69198,13.8609,12.7732,13.8522,14.7584,15.9975,16.4452,16.9465
3.03163,9.98513,9.71588,13.9458,12.7063,13.8243,14.7584,16.0223,16.5428,17.0465
3.04048,10.0074,9.73978,14.0308,12.6394,13.7965,14.7584,16.0471,16.6097,17.1465
3.0449,10.0186,9.75173,14.0733,12.5836,13.7825,14.7584,16.0595,16.6431,17.1965
3.05374,10.0409,9.77562,14.1583,12.4721,13.7546,14.6975,16.0843,16.71,17.2965
3.05816,10.052,9.78757,14.2007,12.4164,13.704,14.6671,16.0967,16.7435,17.3465
3.06701,10.0743,9.81147,14.2594,12.3048,13.6026,14.6063,16.0967,16.8104,17.4465
3.07585,10.0991,9.83537,14.3181,12.1933,13.5012,14.5455,16.0967,16.8773,17.5465
3.10238,10.1735,9.90706,14.4942,11.6914,13.197,14.363,16.0967,17.0112,17.6803
3.1068,10.1859,9.91901,14.5236,11.6078,13.1014,14.3325,16.0855,17.0335,17.7026
3.11122,10.2056,9.93096,14.5529,11.5242,13.0058,14.3021,16.0743,17.0558,17.7249
3.12007,10.2449,9.95486,14.6116,11.2887,12.8147,14.2413,16.052,17.1004,17.7695
3.13333,10.304,9.99071,14.6997,10.9356,12.5279,14.1501,16.0186,17.1004,17.8439
3.14218,10.3433,10.0146,14.7584,10.7001,12.3327,14.0892,15.9963,17.1004,17.8934
3.1466,10.363,10.0266,14.7862,10.5824,12.2351,14.0056,15.9851,17.1004,17.9182
3.15986,10.422,10.0624,14.8699,10.2292,11.9424,13.7546,15.8364,17.1004,17.9926
3.16429,10.4417,10.0743,14.8978,10.1115,11.8448,13.671,15.7869,17.1004,18.0037
3.16871,10.4614,10.0909,14.9257,9.9938,11.7472,13.5874,15.7373,17.0756,18.0149
3.17755,10.5008,10.1241,14.9814,9.75836,11.4286,13.4201,15.6382,17.026,18.0372
3.18639,10.5401,10.1572,15.0372,9.52292,11.1099,13.2289,15.539,16.9765,18.0595
3.19082,10.5598,10.1738,15.0651,9.4052,10.9506,13.1333,15.4972,16.9517,18.0706
3.20408,10.6188,10.2236,15.1487,8.80297,10.4727,12.8465,15.3717,16.8773,18.1041
3.2085,10.6385,10.2401,15.1766,8.60223,10.3133,12.7509,15.3299,16.8278,18.0818
3.21293,10.6582,10.2567,15.2045,8.40149,10.154,12.6235,15.2881,16.7782,18.0595
3.22177,10.6976,10.2899,15.1873,8.04461,9.83537,12.3686,15.2045,16.6791,18.0149
3.23061,10.7369,10.323,15.1701,7.68773,9.51673,12.1136,15.0037,16.5799,17.9703
3.23503,10.7566,10.3396,15.1616,7.50929,9.31599,11.9862,14.9033,16.5304,17.948
3.23946,10.7763,10.3562,15.153,7.30855,9.11524,11.8587,14.803,16.4808,17.9257
3.24388,10.796,10.3728,15.1444,7.10781,8.9145,11.67,14.7026,16.4312,17.9033
3.2483,10.8157,10.3893,15.1358,6.90706,8.71375,11.4813,14.6022,16.3445,17.881
3.25272,10.8353,10.4059,15.1273,6.70632,8.51301,11.2925,14.5019,16.2577,17.8315
3.25714,10.855,10.4225,15.1187,6.50558,8.31227,11.1038,14.4015,16.171,17.7819
3.26599,10.8944,10.4556,15.1015,6.00372,7.91078,10.7263,14.2007,15.9975,17.6828
3.27041,10.9141,10.4722,15.0929,5.75279,7.71004,10.5376,14.0892,15.9108,17.6332
3.27483,10.9337,10.4888,15.0682,5.50186,7.50929,10.3489,13.9777,15.824,17.5836
3.28367,10.9731,10.522,15.0186,5,7.00743,9.9714,13.7546,15.6506,17.4845
3.2881,10.9928,10.5385,14.9938,4.74907,6.75651,9.78267,13.6431,15.5492,17.4349
3.29252,11.0125,10.5551,14.969,4.49814,6.50558,9.59394,13.5316,15.4478,17.3513
3.29694,11.0321,10.5717,14.9442,4.24721,6.171,9.4052,13.4201,15.3464,17.2677
3.30578,11.0715,10.6048,14.8947,3.74535,5.50186,8.90335,13.0186,15.1436,17.1004
3.3102,11.0912,10.6214,14.8699,3.49442,5.25093,8.65242,12.8178,15.0422,17.0167
3.31463,11.1109,10.638,14.8079,3.21561,5,8.40149,12.6171,14.9409,16.9331
3.31905,11.1305,10.6546,14.746,2.9368,4.74907,8.15056,12.4164,14.8395,16.8494
3.32347,11.1502,10.6712,14.684,2.65799,4.49814,7.89963,12.2172,14.7381,16.7658
3.32789,11.1699,10.6877,14.6221,2.37918,4.24721,7.6487,12.0181,14.6367,16.6543
3.33231,11.1896,10.7043,14.5601,2.12825,3.99628,7.39777,11.8189,14.5353,16.5428
3.34116,11.229,10.7375,14.4362,1.62639,3.49442,6.89591,11.4206,14.1338,16.3197
3.34558,11.2486,10.754,14.3742,1.37546,3.12268,6.64498,11.2215,13.9331,16.2082
3.35,11.2683,10.7706,14.3123,1.12454,2.75093,6.39405,11.0223,13.7323,16.0967
3.35442,11.288,10.7872,14.2454,0.873606,2.37918,6.11524,10.8232,13.5316,15.9851
3.36327,11.3274,10.8204,14.1115,0.371747,1.59851,5.55762,10.4249,13.1134,15.6877
3.36769,11.347,10.8369,14.0446,-2.2482e-14,1.20818,5.27881,10.2257,12.9043,15.539
3.38095,11.4061,10.8867,13.8439,-1.11524,0.0371747,4.27509,9.62825,12.277,15.0929
3.3898,11.4454,10.9198,13.71,-1.85874,-0.743494,3.5316,9.12639,11.8587,14.619
3.39422,11.4651,10.9364,13.6431,-2.23048,-1.11524,3.15985,8.87546,11.6357,14.382
3.39864,11.4848,10.953,13.4997,-2.60223,-1.48699,2.82528,8.62454,11.4126,14.145
3.40306,11.5045,10.9696,13.3563,-2.97398,-1.85874,2.49071,8.25279,11.1896,13.908
3.40748,11.5242,10.9861,13.213,-3.34572,-2.23048,2.15613,7.88104,10.9665,13.671
3.4119,11.5438,11.0027,13.0696,-3.71747,-2.60223,1.78439,7.50929,10.7435,13.434
3.41633,11.5635,11.0193,12.9262,-4.08922,-2.97398,1.41264,7.17472,10.5204,13.197
3.42075,11.5832,11.0359,12.7828,-4.46097,-3.42007,1.04089,6.84015,10.223,12.974
3.42517,11.6029,11.0524,12.6394,-4.83271,-3.86617,0.70632,6.50558,9.92565,12.7509
3.42959,11.6226,11.069,12.496,-5.20446,-4.31227,0.371747,6.13383,9.62825,12.5279
3.43401,11.6422,11.0856,12.3526,-5.50355,-4.75836,0.0371747,5.76208,9.29368,12.3048
3.43844,11.6619,11.1022,12.2092,-5.80264,-5.09294,-0.334572,5.39033,8.95911,12.0818
3.44286,11.6816,11.1188,12.0659,-6.10172,-5.42751,-0.70632,5.05576,8.62454,11.8587
3.44728,11.7013,11.1353,11.9225,-6.40081,-5.76208,-1.07807,4.72119,8.25279,11.6357
3.4517,11.721,11.1519,11.7791,-6.6999,-6.09665,-1.63569,4.38662,7.88104,11.4126
3.45612,11.7407,11.1685,11.6357,-6.99899,-6.43123,-2.19331,4.01487,7.50929,11.1896
3.46054,11.7603,11.1851,11.4572,-7.29807,-6.7658,-2.52788,3.64312,7.17472,10.9665
3.46497,11.78,11.2016,11.2788,-7.59716,-7.10037,-2.86245,3.27138,6.84015,10.6877
3.46939,11.7997,11.2182,11.1004,-7.89625,-7.47212,-3.19703,2.9368,6.50558,10.4089
3.47823,11.8391,11.2514,10.7435,-8.49442,-8.21561,-3.94052,2.26766,5.94796,9.8513
3.48265,11.8587,11.268,10.5204,-8.79351,-8.5854,-4.31227,1.89591,5.66914,9.57249
3.48707,11.8922,11.2845,10.2974,-9.0926,-8.95519,-4.86989,1.52416,5.39033,9.29368
3.4915,11.9257,11.3011,10.0743,-9.39169,-9.32499,-5.42751,1.15242,4.83271,8.88476
3.49592,11.9591,11.3123,9.8513,-9.69077,-9.69478,-5.92937,0.594796,4.27509,8.47584
3.50034,11.9926,11.3234,9.62825,-9.98986,-10.0646,-6.43123,0.0371747,3.94052,8.06691
3.50918,12.0595,11.3457,9.12639,-10.588,-10.8041,-7.17472,-0.63197,3.27138,7.32342
3.51361,12.0929,11.3569,8.87546,-10.8871,-11.1739,-7.54647,-0.966543,2.71375,6.95167
3.51803,12.1264,11.368,8.62454,-11.1862,-11.5437,-8.10409,-1.52416,2.15613,6.44981
3.52245,12.1599,11.3792,8.37361,-11.4853,-11.9135,-8.66171,-2.08178,1.78439,5.94796
3.52687,12.1933,11.3903,8.12268,-11.7844,-12.2833,-9.14498,-2.63941,1.41264,5.57621
3.53129,12.2181,11.4015,7.87175,-12.0446,-12.6531,-9.62825,-3.19703,1.04089,5.20446
3.53571,12.2429,11.4126,7.62082,-12.3048,-13.0229,-10.1115,-3.56877,0.539033,4.83271
3.54014,12.2677,11.4374,7.36989,-12.5651,-13.3927,-10.5948,-3.94052,0.0371747,4.27509
3.54456,12.2924,11.4622,7.11896,-12.8253,-13.7625,-11.0781,-4.31227,-0.334572,3.71747
3.5534,12.342,11.5118,6.6171,-13.3457,-14.5021,-12.0446,-5.31599,-1.07807,3.04833
3.55782,12.3668,11.5366,6.24535,-13.6059,-14.8718,-12.5279,-5.87361,-1.63569,2.71375
3.56224,12.3916,11.5613,5.87361,-13.8662,-15.2416,-13.0112,-6.43123,-2.19331,2.15613
3.56667,12.4164,11.5861,5.50186,-14.1264,-15.5316,-13.4944,-6.98885,-2.75093,1.59851
3.57109,12.4387,11.6109,5.25093,-14.3866,-15.8216,-13.9777,-7.54647,-3.30855,1.04089
3.57551,12.461,11.6357,5,-14.6468,-16.1115,-14.461,-7.91822,-3.81041,0.483271
3.57993,12.4833,11.658,4.74907,-14.9071,-16.4015,-14.9442,-8.28996,-4.31227,0.111524
3.58435,12.5056,11.6803,4.49814,-15.1673,-16.6914,-15.4275,-8.66171,-4.86989,-0.260223
3.58878,12.5279,11.7026,4.12639,-15.4275,-16.9814,-15.9108,-9.16357,-5.42751,-0.63197
3.5932,12.5502,11.7249,3.75465,-15.6877,-17.2714,-16.2825,-9.66543,-5.98513,-1.13383
3.59762,12.5725,11.7472,3.3829,-15.8398,-17.5613,-16.6543,-10.223,-6.54275,-1.63569
3.60204,12.5948,11.7695,3.04833,-15.9919,-17.8513,-17.026,-10.7807,-7.10037,-2.19331
3.60646,12.6171,11.7918,2.71375,-16.144,-18.1413,-17.3978,-11.3383,-7.65799,-2.75093
3.61088,12.6394,11.8141,2.37918,-16.296,-18.4312,-17.7695,-11.8959,-8.21561,-3.30855
3.61531,12.6642,11.8364,2.00743,-16.4481,-18.7212,-18.1413,-12.4535,-8.77323,-3.86617
3.61973,12.689,11.8587,1.63569,-16.6002,-19.0112,-18.4758,-13.0112,-9.27509,-4.42379
3.62415,12.7138,11.8835,1.26394,-16.7523,-19.3011,-18.8104,-13.513,-9.77695,-4.98141
3.62857,12.7385,11.9083,0.929368,-16.9044,-19.5911,-19.145,-14.0149,-10.3346,-5.53903
3.63299,12.7633,11.9331,0.594796,-17.0564,-19.846,-19.4796,-14.526,-10.8922,-6.09665
3.63741,12.7881,11.9579,0.260223,-17.2085,-20.1009,-19.8141,-15.0372,-11.4498,-7.10037
3.64184,12.8129,11.9827,-0.111524,-17.3606,-20.3558,-20.1487,-15.5483,-12.0074,-7.65799
3.64626,12.8377,12.0074,-0.483271,-17.4721,-20.6107,-20.4833,-16.0595,-12.5951,-8.21561
3.65068,12.8625,12.0322,-0.855019,-17.5836,-20.8656,-20.8178,-16.5706,-13.1827,-8.77323
3.6551,12.8959,12.057,-1.10595,-17.6952,-21.1206,-21.1524,-17.0818,-13.7704,-9.33086
3.65952,12.9294,12.0818,-1.35688,-17.8067,-21.3755,-21.487,-17.5929,-14.358,-9.88848
3.66395,12.9628,12.1041,-1.60781,-17.9182,-21.5428,-21.8216,-18.1041,-14.9457,-10.4461
3.66837,12.9963,12.1264,-1.85874,-18.0297,-21.71,-22.1115,-18.6152,-15.5333,-11.0037
3.67279,13.0297,12.1487,-2.23048,-18.1413,-21.8773,-22.4015,-19.1264,-16.121,-11.5613
3.67721,13.0632,12.171,-2.60223,-18.2528,-22.0446,-22.6914,-19.6375,-16.7086,-12.6766
3.68163,13.0967,12.1933,-2.97398,-18.3643,-22.2119,-22.9814,-20.1487,-17.2963,-13.1784
3.68605,13.1301,12.2156,-3.30855,-18.3947,-22.3792,-23.2714,-20.5868,-17.8839,-13.6803
3.6949,13.197,12.2602,-3.9777,-18.4556,-22.5774,-23.9405,-21.4631,-19.0592,-14.7955
3.70374,13.2466,12.3048,-4.72119,-18.5164,-22.7757,-24.6097,-22.3394,-20.2345,-15.9108
3.70816,13.2714,12.3271,-5.09294,-18.5468,-22.8748,-24.9442,-22.7775,-20.8221,-16.6914
3.71701,13.3209,12.3717,-5.76208,-18.6076,-23.0731,-25.3266,-23.6537,-21.9974,-18.2528
3.72143,13.3457,12.3941,-6.09665,-18.6381,-23.1722,-25.5178,-24.0919,-22.5851,-18.8104
3.72585,13.3705,12.4164,-6.4684,-18.6685,-23.2714,-25.709,-24.53,-23.1727,-19.368
3.73027,13.3953,12.4387,-6.84015,-18.6989,-23.3333,-25.9002,-24.9681,-23.7604,-19.9257
3.73469,13.4201,12.461,-7.2119,-18.6877,-23.3953,-26.0913,-25.4063,-24.348,-20.6691
3.73912,13.4424,12.4833,-7.54647,-18.6766,-23.4572,-26.2825,-25.8444,-24.9357,-21.4126
3.74354,13.4647,12.5056,-7.88104,-18.6654,-23.5192,-26.5279,-26.2825,-25.5233,-22.1561
3.74796,13.487,12.5279,-8.21561,-18.6543,-23.5812,-26.7732,-26.6881,-26.111,-22.881
3.7568,13.5316,12.6022,-8.77323,-18.632,-23.7051,-27.2639,-27.4992,-27.2862,-24.3309
3.76122,13.5539,12.6394,-9.05204,-18.6208,-23.767,-27.5093,-27.9047,-27.7249,-25.0558
3.76565,13.5762,12.6766,-9.33086,-18.6097,-23.829,-27.5836,-28.3102,-28.1636,-25.6691
3.77449,13.6208,12.7509,-9.83271,-18.5874,-23.8042,-27.7323,-29.1213,-29.0409,-26.8959
3.77891,13.6431,12.7881,-10.0836,-18.5254,-23.7918,-27.8067,-29.5269,-29.4796,-27.5093
3.78333,13.6803,12.8253,-10.3346,-18.4634,-23.7794,-27.881,-29.9324,-29.9182,-28.1227
3.78776,13.7175,12.8625,-10.5855,-18.4015,-23.767,-27.9554,-30.338,-30.3569,-28.7361
3.79218,13.7546,12.8848,-10.8364,-18.3395,-23.7546,-28.0297,-30.7435,-30.7955,-29.2472
3.80102,13.829,12.9294,-11.3383,-18.2156,-23.7299,-28.1784,-31.3569,-31.6729,-30.2695
3.80544,13.8662,12.9517,-11.5892,-18.1537,-23.7175,-28.2007,-31.6636,-32.1115,-30.7807
3.80986,13.9033,12.974,-11.8401,-18.0917,-23.6478,-28.223,-31.9703,-32.5502,-31.2918
3.81429,13.9405,12.9963,-12.0911,-18.0297,-23.5781,-28.2454,-32.1264,-32.9888,-31.803
3.81871,13.9777,13.0186,-12.342,-17.9461,-23.5084,-28.2677,-32.2825,-33.4275,-32.3141
3.82313,14.0112,13.0409,-12.4907,-17.8625,-23.4387,-28.29,-32.4387,-33.8662,-32.8253
3.83197,14.0781,13.0855,-12.7881,-17.6952,-23.2993,-28.3346,-32.7509,-34.461,-33.8476
3.84082,14.145,13.1599,-13.0855,-17.5279,-23.1599,-28.3792,-32.974,-35.0558,-34.8699
3.84524,14.1784,13.197,-13.2342,-17.4442,-23.0762,-28.4015,-33.0855,-35.3532,-35.316
3.84966,14.2119,13.2342,-13.3457,-17.3606,-22.9926,-28.3519,-33.197,-35.6506,-35.7621
3.86293,14.3123,13.3457,-13.6803,-17.0738,-22.7416,-28.2032,-33.5316,-36.6543,-37.1004
3.87177,14.3866,13.4201,-13.9033,-16.8826,-22.5743,-28.1041,-33.671,-37.2491,-37.9926
3.87619,14.4238,13.4449,-14.0149,-16.787,-22.4907,-28.0545,-33.7407,-37.5465,-38.4387
3.88061,14.461,13.4696,-14.0483,-16.6914,-22.3792,-28.005,-33.8104,-37.7695,-38.8848
3.88503,14.4981,13.4944,-14.0818,-16.5799,-22.2677,-27.9554,-33.8801,-37.9926,-39.3309
3.88946,14.5353,13.5192,-14.1152,-16.4684,-22.1561,-27.8598,-33.9498,-38.2156,-39.777
3.8983,14.6097,13.5688,-14.1822,-16.2454,-21.9331,-27.6686,-34.0892,-38.4068,-40.6691
3.90272,14.6468,13.5936,-14.2156,-16.1338,-21.8216,-27.573,-34.0781,-38.5024,-41.1152
3.90714,14.6803,13.6183,-14.2491,-16.0223,-21.71,-27.4774,-34.0669,-38.598,-41.5613
3.91156,14.7138,13.6431,-14.2825,-15.9108,-21.5613,-27.3818,-34.0558,-38.6936,-42.0074
3.91599,14.7472,13.6766,-14.316,-15.7993,-21.4126,-27.2862,-34.0446,-38.7892,-42.4535
3.92041,14.7807,13.71,-14.3494,-15.6877,-21.2639,-27.1588,-34.0335,-38.8848,-42.8996
3.93367,14.881,13.8104,-14.2751,-15.3532,-20.8178,-26.7764,-34,-39.0939,-44.2379
3.94252,14.948,13.8773,-14.2255,-15.1301,-20.5204,-26.5215,-33.9777,-39.2333,-45.1301
3.94694,14.9814,13.9108,-14.2007,-14.9963,-20.3717,-26.3941,-33.8941,-39.303,-45.5762
3.95578,15.0558,13.9777,-14.1512,-14.7286,-20.0743,-26.0967,-33.7268,-39.4424,-46.4684
3.9602,15.0929,14.0112,-14.1264,-14.5948,-19.9257,-25.948,-33.6431,-39.5121,-46.9145
3.97347,15.2045,14.1115,-13.9257,-14.1933,-19.4796,-25.5019,-33.3922,-39.7212,-48.2528
3.97789,15.2416,14.145,-13.8587,-14.0595,-19.3309,-25.3532,-33.3086,-39.7909,-48.6989
3.98231,15.2788,14.1784,-13.7918,-13.9257,-19.1822,-25.2045,-33.2249,-39.8606,-49.145
3.98673,15.316,14.2119,-13.7249,-13.7918,-19.0335,-25.0558,-33.1413,-39.9303,-49.5911
